danai,danai@gmail.com,111122
ting23,ting@gmail.com,111111
Holly,holly@hotmail.com,lovinghotmaill
jake,jake@duke.com,mom
danai22,danai@gmddail.com,111111
Howie,alex@gmail.com,grumpy
shannon,shan@hotmail,woief
mom,mom@mom.com,jake
t2,t2@t2,t2
t3,t3@t3,t3
la,la@la,la
t11,t11@1,t11
d12,d12@12,d12
t30,t30@30,30
t31,t31@1,1
t77,t77@t7,t77
